{
    "rmse": 0.24686204344531068,
    "mae": 0.06094086849399446,
    "r2": 0.752316246217553
}